frame_seq,frame_number,total_packets,received_packets,lost_packets,loss_rate,timestamp_us,target_bitrate_kbps
0,1,4,4,0,0.0000,1052915455772,300
1,2,1,1,0,0.0000,1052915489990,300
2,3,2,2,0,0.0000,1052915541001,300
3,4,4,4,0,0.0000,1052915550020,1954
4,5,13,13,0,0.0000,1052915621944,300
5,6,8,8,0,0.0000,1052915723289,301
6,7,7,7,0,0.0000,1052915767815,301
7,8,3,3,0,0.0000,1052915787333,1800
8,9,3,3,0,0.0000,1052915887466,3958
9,10,3,3,0,0.0000,1052915984825,5000
10,11,4,4,0,0.0000,1052916018262,5000
11,12,3,3,0,0.0000,1052916049596,5000
12,13,4,4,0,0.0000,1052916083521,5000
13,14,4,4,0,0.0000,1052916116848,5000
14,15,3,3,0,0.0000,1052916151271,5000
15,16,4,4,0,0.0000,1052916187048,5000
16,17,3,3,0,0.0000,1052916216992,5000
17,18,3,3,0,0.0000,1052916250884,5000
18,19,4,4,0,0.0000,1052916284304,5000
19,20,4,4,0,0.0000,1052916316880,5000
20,21,6,6,0,0.0000,1052916350249,5000
21,22,5,5,0,0.0000,1052916384236,5000
22,23,10,10,0,0.0000,1052916417929,5000
23,24,5,5,0,0.0000,1052916450917,5000
24,25,5,5,0,0.0000,1052916484227,5000
25,26,5,5,0,0.0000,1052916517800,5000
26,27,5,5,0,0.0000,1052916551009,5000
27,28,5,5,0,0.0000,1052916589757,5000
28,29,6,6,0,0.0000,1052916617221,5000
29,30,6,6,0,0.0000,1052916652338,5000
30,31,7,7,0,0.0000,1052916687958,5000
31,32,5,5,0,0.0000,1052916721616,5000
32,33,8,8,0,0.0000,1052916751972,5000
33,34,6,6,0,0.0000,1052916787503,5000
34,35,10,10,0,0.0000,1052916819000,5000
35,36,6,6,0,0.0000,1052916854453,5000
36,37,8,8,0,0.0000,1052916885950,5000
37,38,4,4,0,0.0000,1052916917176,5000
38,39,10,10,0,0.0000,1052916952040,5000
39,40,4,4,0,0.0000,1052916984230,5000
40,41,6,6,0,0.0000,1052917018012,5000
41,42,12,12,0,0.0000,1052917052964,5000
42,43,8,8,0,0.0000,1052917088431,5000
43,44,6,6,0,0.0000,1052917119036,5000
44,45,6,6,0,0.0000,1052917151651,5000
45,46,4,4,0,0.0000,1052917184529,5000
46,47,7,7,0,0.0000,1052917218672,5000
47,48,16,16,0,0.0000,1052917252128,5000
48,49,3,3,0,0.0000,1052917286199,5000
49,50,9,9,0,0.0000,1052917320133,5000
50,51,6,6,0,0.0000,1052917353070,5000
51,52,5,5,0,0.0000,1052917389196,5000
52,53,9,9,0,0.0000,1052917419114,5000
53,54,8,8,0,0.0000,1052917452495,5000
54,55,7,7,0,0.0000,1052917484166,5000
55,56,7,7,0,0.0000,1052917517400,5000
56,57,7,7,0,0.0000,1052917552794,5000
57,58,7,7,0,0.0000,1052917584547,5000
58,59,7,7,0,0.0000,1052917618012,5000
59,60,7,7,0,0.0000,1052917653812,5000
60,61,7,7,0,0.0000,1052917684970,5000
61,62,7,7,0,0.0000,1052917719240,5000
62,63,7,7,0,0.0000,1052917754017,5000
63,64,7,7,0,0.0000,1052917787839,5000
64,65,7,7,0,0.0000,1052917817780,5000
65,66,6,6,0,0.0000,1052917855681,5000
66,67,6,6,0,0.0000,1052917889755,5000
67,68,6,6,0,0.0000,1052917917203,5000
68,69,6,6,0,0.0000,1052917950251,5000
69,70,6,6,0,0.0000,1052917985942,5000
70,71,6,6,0,0.0000,1052918017889,5000
71,72,6,6,0,0.0000,1052918050811,5000
72,73,6,6,0,0.0000,1052918084167,5000
73,74,6,6,0,0.0000,1052918122033,5000
74,75,5,5,0,0.0000,1052918151952,5000
75,76,5,5,0,0.0000,1052918190281,5000
76,77,5,5,0,0.0000,1052918222556,5000
77,78,5,5,0,0.0000,1052918251335,5000
78,79,5,5,0,0.0000,1052918283895,5000
79,80,5,5,0,0.0000,1052918316804,5000
80,81,5,5,0,0.0000,1052918350297,5000
81,82,5,5,0,0.0000,1052918386547,5000
82,83,5,5,0,0.0000,1052918417062,5000
83,84,4,4,0,0.0000,1052918450630,5000
84,85,4,4,0,0.0000,1052918487129,5000
85,86,4,4,0,0.0000,1052918519877,5000
86,87,4,4,0,0.0000,1052918557337,5000
87,88,4,4,0,0.0000,1052918596502,5000
88,89,4,4,0,0.0000,1052918617704,5000
89,90,4,4,0,0.0000,1052918652799,5000
90,91,5,5,0,0.0000,1052918685295,5000
91,92,6,6,0,0.0000,1052918718763,5000
92,93,6,6,0,0.0000,1052918751445,5000
93,94,7,7,0,0.0000,1052918785519,5000
94,95,7,7,0,0.0000,1052918818059,5000
95,96,7,7,0,0.0000,1052918850220,5000
96,97,6,6,0,0.0000,1052918885329,5000
97,98,6,6,0,0.0000,1052918917866,5000
98,99,6,6,0,0.0000,1052918951836,5000
99,100,7,7,0,0.0000,1052918989111,5000
100,101,17,17,0,0.0000,1052919024123,5000
101,102,24,24,0,0.0000,1052919052473,5000
102,103,28,28,0,0.0000,1052919087724,5000
103,104,19,19,0,0.0000,1052919131145,5000
104,105,17,17,0,0.0000,1052919152039,5000
105,106,18,18,0,0.0000,1052919186881,5000
106,107,13,13,0,0.0000,1052919218701,5000
107,108,13,13,0,0.0000,1052919255361,5000
108,109,12,12,0,0.0000,1052919285989,5000
109,110,12,12,0,0.0000,1052919319805,5000
110,111,12,12,0,0.0000,1052919350620,5000
111,112,11,11,0,0.0000,1052919385948,5000
112,113,11,11,0,0.0000,1052919418812,5000
113,114,11,11,0,0.0000,1052919452959,5000
114,115,11,11,0,0.0000,1052919488169,5000
115,116,10,10,0,0.0000,1052919517937,5000
116,117,10,10,0,0.0000,1052919553933,5000
117,118,9,9,0,0.0000,1052919584861,5000
118,119,7,7,0,0.0000,1052919617917,5000
119,120,5,5,0,0.0000,1052919652743,5000
120,121,6,6,0,0.0000,1052919684644,5000
121,122,7,7,0,0.0000,1052919717882,5000
122,123,7,7,0,0.0000,1052919752027,5000
123,124,8,8,0,0.0000,1052919786282,5000
124,125,8,8,0,0.0000,1052919821898,5000
125,126,9,9,0,0.0000,1052919851268,5000
126,127,24,24,0,0.0000,1052919886237,5000
127,128,21,21,0,0.0000,1052919918783,5000
128,129,30,30,0,0.0000,1052919952599,5000
129,130,11,11,0,0.0000,1052919999635,5000
130,131,17,17,0,0.0000,1052920021608,5000
131,132,17,17,0,0.0000,1052920052313,5000
132,133,11,11,0,0.0000,1052920087767,5000
133,134,16,16,0,0.0000,1052920120738,5000
134,135,19,19,0,0.0000,1052920152213,5000
135,136,10,10,0,0.0000,1052920188587,5000
136,137,13,13,0,0.0000,1052920218559,5000
137,138,8,8,0,0.0000,1052920251004,5000
138,139,8,8,0,0.0000,1052920289510,5000
139,140,12,12,0,0.0000,1052920317745,5000
140,141,5,5,0,0.0000,1052920350179,5000
141,142,4,4,0,0.0000,1052920385588,5000
142,143,5,5,0,0.0000,1052920418850,5000
143,144,10,10,0,0.0000,1052920450877,5000
144,145,4,4,0,0.0000,1052920485121,5000
145,146,5,5,0,0.0000,1052920519643,5000
146,147,11,11,0,0.0000,1052920553571,5000
147,148,10,10,0,0.0000,1052920584975,5000
148,149,12,12,0,0.0000,1052920619243,5000
149,150,8,8,0,0.0000,1052920653151,5000
150,151,15,15,0,0.0000,1052920688744,5000
151,152,7,7,0,0.0000,1052920722320,5000
152,153,10,10,0,0.0000,1052920755432,5000
153,154,14,14,0,0.0000,1052920785640,5000
154,155,8,8,0,0.0000,1052920818074,5000
155,156,12,12,0,0.0000,1052920851609,5000
156,157,9,9,0,0.0000,1052920886855,5000
157,158,12,12,0,0.0000,1052920918788,5000
158,159,9,9,0,0.0000,1052920954171,5000
159,160,9,9,0,0.0000,1052920987093,5000
160,161,14,14,0,0.0000,1052921018829,5000
161,162,8,8,0,0.0000,1052921052357,5000
162,163,9,9,0,0.0000,1052921085416,5000
163,164,11,11,0,0.0000,1052921119601,5000
164,165,11,11,0,0.0000,1052921153653,5000
165,166,10,10,0,0.0000,1052921187961,5000
166,167,8,8,0,0.0000,1052921222208,5000
167,168,10,10,0,0.0000,1052921251699,5000
168,169,11,11,0,0.0000,1052921285446,5000
169,170,11,11,0,0.0000,1052921318596,5000
170,171,11,11,0,0.0000,1052921351122,5000
171,172,13,13,0,0.0000,1052921385201,5000
172,173,8,8,0,0.0000,1052921417814,5000
173,174,10,10,0,0.0000,1052921451413,5000
174,175,11,11,0,0.0000,1052921488205,5000
175,176,10,10,0,0.0000,1052921518291,5000
176,177,12,12,0,0.0000,1052921552616,5000
177,178,14,14,0,0.0000,1052921587156,5000
178,179,8,8,0,0.0000,1052921620737,5000
179,180,9,9,0,0.0000,1052921654477,5000
180,181,10,10,0,0.0000,1052921686491,5000
181,182,9,9,0,0.0000,1052921717983,5000
182,183,12,12,0,0.0000,1052921751308,5000
183,184,10,10,0,0.0000,1052921784692,5000
184,185,7,7,0,0.0000,1052921817690,5000
185,186,9,9,0,0.0000,1052921851586,5000
186,187,11,11,0,0.0000,1052921887125,5000
187,188,10,10,0,0.0000,1052921921989,5000
188,189,11,11,0,0.0000,1052921951473,5000
189,190,7,7,0,0.0000,1052921985117,5000
190,191,10,10,0,0.0000,1052922018799,5000
191,192,10,10,0,0.0000,1052922055899,5000
192,193,9,9,0,0.0000,1052922087803,5000
193,194,10,10,0,0.0000,1052922121299,5000
194,195,11,11,0,0.0000,1052922154830,5000
195,196,8,8,0,0.0000,1052922185636,5000
196,197,9,9,0,0.0000,1052922218356,5000
197,198,10,10,0,0.0000,1052922251316,5000
198,199,12,12,0,0.0000,1052922287435,5000
199,200,8,8,0,0.0000,1052922318184,5000
200,201,9,9,0,0.0000,1052922350800,5000
201,202,11,11,0,0.0000,1052922384884,5000
202,203,8,8,0,0.0000,1052922417915,5000
203,204,9,9,0,0.0000,1052922453964,5000
204,205,10,10,0,0.0000,1052922485368,5000
205,206,11,11,0,0.0000,1052922518598,5000
206,207,8,8,0,0.0000,1052922554409,5000
207,208,10,10,0,0.0000,1052922587101,5000
208,209,11,11,0,0.0000,1052922618874,5000
209,210,8,8,0,0.0000,1052922651297,5000
210,211,10,10,0,0.0000,1052922686707,5000
211,212,11,11,0,0.0000,1052922718060,5000
212,213,8,8,0,0.0000,1052922753367,5000
213,214,10,10,0,0.0000,1052922789495,5000
214,215,11,11,0,0.0000,1052922821974,5000
215,216,8,8,0,0.0000,1052922851231,5000
216,217,10,10,0,0.0000,1052922885092,5000
217,218,11,11,0,0.0000,1052922918333,5000
218,219,9,9,0,0.0000,1052922951218,5000
219,220,10,10,0,0.0000,1052922985163,5000
220,221,8,8,0,0.0000,1052923017894,5000
221,222,12,12,0,0.0000,1052923055771,5000
222,223,8,8,0,0.0000,1052923088021,5000
223,224,10,10,0,0.0000,1052923118974,5000
224,225,11,11,0,0.0000,1052923151053,5000
225,226,8,8,0,0.0000,1052923186840,5000
226,227,10,10,0,0.0000,1052923222115,5000
227,228,11,11,0,0.0000,1052923251634,5000
228,229,8,8,0,0.0000,1052923288197,5000
229,230,11,11,0,0.0000,1052923320165,5000
230,231,8,8,0,0.0000,1052923353875,5000
231,232,10,10,0,0.0000,1052923388970,5000
232,233,8,8,0,0.0000,1052923417985,5000
233,234,9,9,0,0.0000,1052923453141,5000
234,235,11,11,0,0.0000,1052923486918,5000
235,236,8,8,0,0.0000,1052923518014,5000
236,237,10,10,0,0.0000,1052923551208,5000
237,238,10,10,0,0.0000,1052923586834,5000
238,239,11,11,0,0.0000,1052923618234,5000
239,240,8,8,0,0.0000,1052923653837,5000
240,241,10,10,0,0.0000,1052923688077,5000
241,242,10,10,0,0.0000,1052923719570,5000
242,243,11,11,0,0.0000,1052923753879,5000
243,244,8,8,0,0.0000,1052923788577,5000
244,245,13,13,0,0.0000,1052923818629,5000
245,246,8,8,0,0.0000,1052923851141,5000
246,247,10,10,0,0.0000,1052923885405,5000
247,248,9,9,0,0.0000,1052923918492,5000
248,249,11,11,0,0.0000,1052923951723,5000
249,250,8,8,0,0.0000,1052923985546,5000
250,251,10,10,0,0.0000,1052924018558,5000
251,252,10,10,0,0.0000,1052924051808,5000
252,253,11,11,0,0.0000,1052924086699,5000
253,254,8,8,0,0.0000,1052924118356,5000
254,255,10,10,0,0.0000,1052924152031,5000
255,256,10,10,0,0.0000,1052924185590,5000
256,257,11,11,0,0.0000,1052924218721,5000
257,258,8,8,0,0.0000,1052924252636,5000
258,259,10,10,0,0.0000,1052924288570,5000
259,260,11,11,0,0.0000,1052924322279,5000
260,261,8,8,0,0.0000,1052924350777,5000
261,262,11,11,0,0.0000,1052924386749,5000
262,263,9,9,0,0.0000,1052924417999,5000
263,264,12,12,0,0.0000,1052924451769,5000
264,265,8,8,0,0.0000,1052924486621,5000
265,266,11,11,0,0.0000,1052924518326,5000
266,267,8,8,0,0.0000,1052924555590,5000
267,268,10,10,0,0.0000,1052924585123,5000
268,269,10,10,0,0.0000,1052924619104,5000
269,270,11,11,0,0.0000,1052924653891,5000
270,271,8,8,0,0.0000,1052924687993,5000
271,272,9,9,0,0.0000,1052924721477,5000
272,273,11,11,0,0.0000,1052924751403,5000
273,274,8,8,0,0.0000,1052924785052,5000
274,275,10,10,0,0.0000,1052924818581,5000
275,276,9,9,0,0.0000,1052924851334,5000
276,277,11,11,0,0.0000,1052924886384,5000
277,278,8,8,0,0.0000,1052924922357,5000
278,279,10,10,0,0.0000,1052924951344,5000
279,280,10,10,0,0.0000,1052924985193,5000
280,281,11,11,0,0.0000,1052925018466,5000
281,282,8,8,0,0.0000,1052925051305,5000
282,283,10,10,0,0.0000,1052925085230,5000
283,284,10,10,0,0.0000,1052925119268,5000
284,285,11,11,0,0.0000,1052925153765,5000
285,286,8,8,0,0.0000,1052925188739,5000
286,287,10,10,0,0.0000,1052925218335,5000
287,288,10,10,0,0.0000,1052925251511,5000
288,289,11,11,0,0.0000,1052925287081,5000
289,290,8,8,0,0.0000,1052925318233,5000
290,291,10,10,0,0.0000,1052925351146,5000
291,292,11,11,0,0.0000,1052925391423,5000
292,293,11,11,0,0.0000,1052925417924,5000
293,294,8,8,0,0.0000,1052925450874,5000
294,295,10,10,0,0.0000,1052925484926,5000
295,296,10,10,0,0.0000,1052925518273,5000
296,297,11,11,0,0.0000,1052925551138,5000
297,298,10,10,0,0.0000,1052925585202,5000
298,299,8,8,0,0.0000,1052925618353,5000
299,300,11,11,0,0.0000,1052925651837,5000
300,301,10,10,0,0.0000,1052925685395,5000
301,302,11,11,0,0.0000,1052925718493,5000
302,303,8,8,0,0.0000,1052925752294,5000
303,304,10,10,0,0.0000,1052925785530,5000
304,305,10,10,0,0.0000,1052925820547,5000
305,306,11,11,0,0.0000,1052925854492,5000
306,307,10,10,0,0.0000,1052925889746,5000
307,308,8,8,0,0.0000,1052925923033,5000
308,309,10,10,0,0.0000,1052925951491,5000
309,310,10,10,0,0.0000,1052925985507,5000
310,311,10,10,0,0.0000,1052926018447,5000
311,312,11,11,0,0.0000,1052926054481,5000
312,313,11,11,0,0.0000,1052926088571,5000
313,314,8,8,0,0.0000,1052926120746,5000
314,315,11,11,0,0.0000,1052926151657,5000
315,316,10,10,0,0.0000,1052926190220,5000
316,317,10,10,0,0.0000,1052926218104,5000
317,318,8,8,0,0.0000,1052926251145,5000
318,319,11,11,0,0.0000,1052926287363,5000
319,320,10,10,0,0.0000,1052926318088,5000
320,321,10,10,0,0.0000,1052926350940,5000
321,322,8,8,0,0.0000,1052926384651,5000
322,323,11,11,0,0.0000,1052926418136,5000
323,324,11,11,0,0.0000,1052926453397,5000
324,325,9,9,0,0.0000,1052926485068,5000
325,326,8,8,0,0.0000,1052926517744,5000
326,327,11,11,0,0.0000,1052926551328,5000
327,328,11,11,0,0.0000,1052926585355,5000
328,329,11,11,0,0.0000,1052926618382,5000
329,330,11,11,0,0.0000,1052926652751,5000
330,331,7,7,0,0.0000,1052926687399,5000
331,332,10,10,0,0.0000,1052926721849,5000
332,333,10,10,0,0.0000,1052926751558,5000
333,334,12,12,0,0.0000,1052926785539,5000
334,335,11,11,0,0.0000,1052926818729,5000
335,336,8,8,0,0.0000,1052926851337,5000
336,337,10,10,0,0.0000,1052926885515,5000
337,338,9,9,0,0.0000,1052926918608,5000
338,339,10,10,0,0.0000,1052926951545,5000
339,340,10,10,0,0.0000,1052926985683,5000
340,341,11,11,0,0.0000,1052927018506,5000
341,342,8,8,0,0.0000,1052927054684,5000
342,343,9,9,0,0.0000,1052927090784,5000
343,344,10,10,0,0.0000,1052927118795,5000
344,345,11,11,0,0.0000,1052927151796,5000
345,346,9,9,0,0.0000,1052927188060,5000
346,347,10,10,0,0.0000,1052927221843,5000
347,348,11,11,0,0.0000,1052927251629,5000
348,349,11,11,0,0.0000,1052927285294,5000
349,350,9,9,0,0.0000,1052927318435,5000
350,351,9,9,0,0.0000,1052927351143,5000
351,352,10,10,0,0.0000,1052927385233,5000
352,353,12,12,0,0.0000,1052927418284,5000
353,354,11,11,0,0.0000,1052927451318,5000
354,355,8,8,0,0.0000,1052927484902,5000
355,356,10,10,0,0.0000,1052927518139,5000
356,357,10,10,0,0.0000,1052927553761,5000
357,358,11,11,0,0.0000,1052927585508,5000
358,359,8,8,0,0.0000,1052927618242,5000
359,360,10,10,0,0.0000,1052927652633,5000
360,361,10,10,0,0.0000,1052927688818,5000
361,362,12,12,0,0.0000,1052927723051,5000
362,363,10,10,0,0.0000,1052927751370,5000
363,364,10,10,0,0.0000,1052927785371,5000
364,365,8,8,0,0.0000,1052927818462,5000
365,366,11,11,0,0.0000,1052927851558,5000
366,367,10,10,0,0.0000,1052927886982,5000
367,368,10,10,0,0.0000,1052927918533,5000
368,369,10,10,0,0.0000,1052927951666,5000
369,370,12,12,0,0.0000,1052927989540,5000
370,371,8,8,0,0.0000,1052928017957,5000
371,372,11,11,0,0.0000,1052928051554,5000
372,373,11,11,0,0.0000,1052928087657,5000
373,374,8,8,0,0.0000,1052928119814,5000
374,375,11,11,0,0.0000,1052928154300,5000
375,376,10,10,0,0.0000,1052928189645,5000
376,377,11,11,0,0.0000,1052928218965,5000
377,378,9,9,0,0.0000,1052928251811,5000
378,379,9,9,0,0.0000,1052928285550,5000
379,380,12,12,0,0.0000,1052928318616,5000
380,381,10,10,0,0.0000,1052928350989,5000
381,382,9,9,0,0.0000,1052928384932,5000
382,383,10,10,0,0.0000,1052928418291,5000
383,384,10,10,0,0.0000,1052928451348,5000
384,385,9,9,0,0.0000,1052928485150,5000
385,386,12,12,0,0.0000,1052928518678,5000
386,387,10,10,0,0.0000,1052928551366,5000
387,388,9,9,0,0.0000,1052928585518,5000
388,389,10,10,0,0.0000,1052928618336,5000
389,390,11,11,0,0.0000,1052928654668,5000
390,391,9,9,0,0.0000,1052928685003,5000
391,392,10,10,0,0.0000,1052928718160,5000
392,393,10,10,0,0.0000,1052928751416,5000
393,394,11,11,0,0.0000,1052928785484,5000
394,395,11,11,0,0.0000,1052928818711,5000
395,396,9,9,0,0.0000,1052928851373,5000
396,397,9,9,0,0.0000,1052928887108,5000
397,398,10,10,0,0.0000,1052928918422,5000
398,399,11,11,0,0.0000,1052928951612,5000
399,400,10,10,0,0.0000,1052928985534,5000
400,401,10,10,0,0.0000,1052929020997,5000
401,402,9,9,0,0.0000,1052929051540,5000
402,403,11,11,0,0.0000,1052929086229,5000
403,404,9,9,0,0.0000,1052929120567,5000
404,405,10,10,0,0.0000,1052929155477,5000
405,406,10,10,0,0.0000,1052929185303,5000
406,407,10,10,0,0.0000,1052929218406,5000
407,408,12,12,0,0.0000,1052929251759,5000
408,409,10,10,0,0.0000,1052929285486,5000
409,410,9,9,0,0.0000,1052929321259,5000
410,411,11,11,0,0.0000,1052929351219,5000
411,412,8,8,0,0.0000,1052929385240,5000
412,413,11,11,0,0.0000,1052929421200,5000
413,414,10,10,0,0.0000,1052929451259,5000
414,415,11,11,0,0.0000,1052929485316,5000
415,416,9,9,0,0.0000,1052929518416,5000
416,417,10,10,0,0.0000,1052929551401,5000
417,418,11,11,0,0.0000,1052929585572,5000
418,419,8,8,0,0.0000,1052929618085,5000
419,420,10,10,0,0.0000,1052929652343,5000
420,421,10,10,0,0.0000,1052929687748,5000
421,422,11,11,0,0.0000,1052929721770,5000
422,423,9,9,0,0.0000,1052929754419,5000
423,424,9,9,0,0.0000,1052929786894,5000
424,425,9,9,0,0.0000,1052929818133,5000
425,426,11,11,0,0.0000,1052929851557,5000
426,427,11,11,0,0.0000,1052929889875,5000
427,428,9,9,0,0.0000,1052929921249,5000
428,429,9,9,0,0.0000,1052929955953,5000
429,430,10,10,0,0.0000,1052929985326,5000
430,431,12,12,0,0.0000,1052930018342,5000
431,432,9,9,0,0.0000,1052930053202,5000
432,433,10,10,0,0.0000,1052930085524,5000
433,434,9,9,0,0.0000,1052930119320,5000
434,435,12,12,0,0.0000,1052930153815,5000
435,436,8,8,0,0.0000,1052930189192,5000
436,437,11,11,0,0.0000,1052930218298,5000
437,438,10,10,0,0.0000,1052930251229,5000
438,439,11,11,0,0.0000,1052930285325,5000
439,440,8,8,0,0.0000,1052930318319,5000
440,441,11,11,0,0.0000,1052930350669,5000
